"filename", "language", "C++", "JSON", "Markdown", "Dart", "YAML", "Swift", "XML", "HTML", "PHP", "JavaScript", "CSS", "Properties", "Groovy", "Kotlin", "comment", "blank", "total"
"c:\Users\avazs.LAPTOP-I4FB2CH8\StudioProjects\delivery_food_app_from_behance1\README.md", "Markdown", 0, 0, 2, 0, 0, 0, 0, 0, 0, 0, 0, 0, 0, 0, 0, 2, 4
"c:\Users\avazs.LAPTOP-I4FB2CH8\StudioProjects\delivery_food_app_from_behance1\analysis_options.yaml", "YAML", 0, 0, 0, 0, 3, 0, 0, 0, 0, 0, 0, 0, 0, 0, 23, 4, 30
"c:\Users\avazs.LAPTOP-I4FB2CH8\StudioProjects\delivery_food_app_from_behance1\android\app\build.gradle", "Groovy", 0, 0, 0, 0, 0, 0, 0, 0, 0, 0, 0, 0, 55, 0, 5, 13, 73
"c:\Users\avazs.LAPTOP-I4FB2CH8\StudioProjects\delivery_food_app_from_behance1\android\app\src\debug\AndroidManifest.xml", "XML", 0, 0, 0, 0, 0, 0, 4, 0, 0, 0, 0, 0, 0, 0, 4, 1, 9
"c:\Users\avazs.LAPTOP-I4FB2CH8\StudioProjects\delivery_food_app_from_behance1\android\app\src\main\AndroidManifest.xml", "XML", 0, 0, 0, 0, 0, 0, 30, 0, 0, 0, 0, 0, 0, 0, 6, 1, 37
"c:\Users\avazs.LAPTOP-I4FB2CH8\StudioProjects\delivery_food_app_from_behance1\android\app\src\main\kotlin\com\example\delivery_food_app_from_behance1\MainActivity.kt", "Kotlin", 0, 0, 0, 0, 0, 0, 0, 0, 0, 0, 0, 0, 0, 13, 0, 2, 15
"c:\Users\avazs.LAPTOP-I4FB2CH8\StudioProjects\delivery_food_app_from_behance1\android\app\src\main\res\drawable-v21\launch_background.xml", "XML", 0, 0, 0, 0, 0, 0, 4, 0, 0, 0, 0, 0, 0, 0, 7, 2, 13
"c:\Users\avazs.LAPTOP-I4FB2CH8\StudioProjects\delivery_food_app_from_behance1\android\app\src\main\res\drawable\launch_background.xml", "XML", 0, 0, 0, 0, 0, 0, 4, 0, 0, 0, 0, 0, 0, 0, 7, 2, 13
"c:\Users\avazs.LAPTOP-I4FB2CH8\StudioProjects\delivery_food_app_from_behance1\android\app\src\main\res\values-night\styles.xml", "XML", 0, 0, 0, 0, 0, 0, 9, 0, 0, 0, 0, 0, 0, 0, 9, 1, 19
"c:\Users\avazs.LAPTOP-I4FB2CH8\StudioProjects\delivery_food_app_from_behance1\android\app\src\main\res\values\styles.xml", "XML", 0, 0, 0, 0, 0, 0, 9, 0, 0, 0, 0, 0, 0, 0, 9, 1, 19
"c:\Users\avazs.LAPTOP-I4FB2CH8\StudioProjects\delivery_food_app_from_behance1\android\app\src\profile\AndroidManifest.xml", "XML", 0, 0, 0, 0, 0, 0, 4, 0, 0, 0, 0, 0, 0, 0, 4, 1, 9
"c:\Users\avazs.LAPTOP-I4FB2CH8\StudioProjects\delivery_food_app_from_behance1\android\build.gradle", "Groovy", 0, 0, 0, 0, 0, 0, 0, 0, 0, 0, 0, 0, 27, 0, 0, 5, 32
"c:\Users\avazs.LAPTOP-I4FB2CH8\StudioProjects\delivery_food_app_from_behance1\android\gradle.properties", "Properties", 0, 0, 0, 0, 0, 0, 0, 0, 0, 0, 0, 3, 0, 0, 0, 1, 4
"c:\Users\avazs.LAPTOP-I4FB2CH8\StudioProjects\delivery_food_app_from_behance1\android\gradle\wrapper\gradle-wrapper.properties", "Properties", 0, 0, 0, 0, 0, 0, 0, 0, 0, 0, 0, 5, 0, 0, 1, 1, 7
"c:\Users\avazs.LAPTOP-I4FB2CH8\StudioProjects\delivery_food_app_from_behance1\android\settings.gradle", "Groovy", 0, 0, 0, 0, 0, 0, 0, 0, 0, 0, 0, 0, 8, 0, 0, 4, 12
"c:\Users\avazs.LAPTOP-I4FB2CH8\StudioProjects\delivery_food_app_from_behance1\backend\README.md", "Markdown", 0, 0, 44, 0, 0, 0, 0, 0, 0, 0, 0, 0, 0, 0, 0, 21, 65
"c:\Users\avazs.LAPTOP-I4FB2CH8\StudioProjects\delivery_food_app_from_behance1\backend\app\Console\Kernel.php", "PHP", 0, 0, 0, 0, 0, 0, 0, 0, 15, 0, 0, 0, 0, 0, 12, 6, 33
"c:\Users\avazs.LAPTOP-I4FB2CH8\StudioProjects\delivery_food_app_from_behance1\backend\app\Exceptions\Handler.php", "PHP", 0, 0, 0, 0, 0, 0, 0, 0, 21, 0, 0, 0, 0, 0, 23, 7, 51
"c:\Users\avazs.LAPTOP-I4FB2CH8\StudioProjects\delivery_food_app_from_behance1\backend\app\Http\Controllers\AuthController.php", "PHP", 0, 0, 0, 0, 0, 0, 0, 0, 119, 0, 0, 0, 0, 0, 1, 12, 132
"c:\Users\avazs.LAPTOP-I4FB2CH8\StudioProjects\delivery_food_app_from_behance1\backend\app\Http\Controllers\Controller.php", "PHP", 0, 0, 0, 0, 0, 0, 0, 0, 10, 0, 0, 0, 0, 0, 0, 4, 14
"c:\Users\avazs.LAPTOP-I4FB2CH8\StudioProjects\delivery_food_app_from_behance1\backend\app\Http\Controllers\OrderController.php", "PHP", 0, 0, 0, 0, 0, 0, 0, 0, 57, 0, 0, 0, 0, 0, 0, 7, 64
"c:\Users\avazs.LAPTOP-I4FB2CH8\StudioProjects\delivery_food_app_from_behance1\backend\app\Http\Kernel.php", "PHP", 0, 0, 0, 0, 0, 0, 0, 0, 40, 0, 0, 0, 0, 0, 21, 7, 68
"c:\Users\avazs.LAPTOP-I4FB2CH8\StudioProjects\delivery_food_app_from_behance1\backend\app\Http\Middleware\Authenticate.php", "PHP", 0, 0, 0, 0, 0, 0, 0, 0, 12, 0, 0, 0, 0, 0, 6, 4, 22
"c:\Users\avazs.LAPTOP-I4FB2CH8\StudioProjects\delivery_food_app_from_behance1\backend\app\Http\Middleware\EncryptCookies.php", "PHP", 0, 0, 0, 0, 0, 0, 0, 0, 8, 0, 0, 0, 0, 0, 6, 4, 18
"c:\Users\avazs.LAPTOP-I4FB2CH8\StudioProjects\delivery_food_app_from_behance1\backend\app\Http\Middleware\PreventRequestsDuringMaintenance.php", "PHP", 0, 0, 0, 0, 0, 0, 0, 0, 8, 0, 0, 0, 0, 0, 6, 4, 18
"c:\Users\avazs.LAPTOP-I4FB2CH8\StudioProjects\delivery_food_app_from_behance1\backend\app\Http\Middleware\RedirectIfAuthenticated.php", "PHP", 0, 0, 0, 0, 0, 0, 0, 0, 19, 0, 0, 0, 0, 0, 8, 6, 33
"c:\Users\avazs.LAPTOP-I4FB2CH8\StudioProjects\delivery_food_app_from_behance1\backend\app\Http\Middleware\TrimStrings.php", "PHP", 0, 0, 0, 0, 0, 0, 0, 0, 11, 0, 0, 0, 0, 0, 5, 4, 20
"c:\Users\avazs.LAPTOP-I4FB2CH8\StudioProjects\delivery_food_app_from_behance1\backend\app\Http\Middleware\TrustHosts.php", "PHP", 0, 0, 0, 0, 0, 0, 0, 0, 12, 0, 0, 0, 0, 0, 5, 4, 21
"c:\Users\avazs.LAPTOP-I4FB2CH8\StudioProjects\delivery_food_app_from_behance1\backend\app\Http\Middleware\TrustProxies.php", "PHP", 0, 0, 0, 0, 0, 0, 0, 0, 14, 0, 0, 0, 0, 0, 10, 5, 29
"c:\Users\avazs.LAPTOP-I4FB2CH8\StudioProjects\delivery_food_app_from_behance1\backend\app\Http\Middleware\VerifyCsrfToken.php", "PHP", 0, 0, 0, 0, 0, 0, 0, 0, 7, 0, 0, 0, 0, 0, 8, 3, 18
"c:\Users\avazs.LAPTOP-I4FB2CH8\StudioProjects\delivery_food_app_from_behance1\backend\app\Models\Order.php", "PHP", 0, 0, 0, 0, 0, 0, 0, 0, 9, 0, 0, 0, 0, 0, 0, 5, 14
"c:\Users\avazs.LAPTOP-I4FB2CH8\StudioProjects\delivery_food_app_from_behance1\backend\app\Models\Product.php", "PHP", 0, 0, 0, 0, 0, 0, 0, 0, 16, 0, 0, 0, 0, 0, 0, 6, 22
"c:\Users\avazs.LAPTOP-I4FB2CH8\StudioProjects\delivery_food_app_from_behance1\backend\app\Models\User.php", "PHP", 0, 0, 0, 0, 0, 0, 0, 0, 23, 0, 0, 0, 0, 0, 16, 7, 46
"c:\Users\avazs.LAPTOP-I4FB2CH8\StudioProjects\delivery_food_app_from_behance1\backend\app\Providers\AppServiceProvider.php", "PHP", 0, 0, 0, 0, 0, 0, 0, 0, 12, 0, 0, 0, 0, 0, 12, 5, 29
"c:\Users\avazs.LAPTOP-I4FB2CH8\StudioProjects\delivery_food_app_from_behance1\backend\app\Providers\AuthServiceProvider.php", "PHP", 0, 0, 0, 0, 0, 0, 0, 0, 12, 0, 0, 0, 0, 0, 13, 6, 31
"c:\Users\avazs.LAPTOP-I4FB2CH8\StudioProjects\delivery_food_app_from_behance1\backend\app\Providers\BroadcastServiceProvider.php", "PHP", 0, 0, 0, 0, 0, 0, 0, 0, 12, 0, 0, 0, 0, 0, 5, 5, 22
"c:\Users\avazs.LAPTOP-I4FB2CH8\StudioProjects\delivery_food_app_from_behance1\backend\app\Providers\EventServiceProvider.php", "PHP", 0, 0, 0, 0, 0, 0, 0, 0, 21, 0, 0, 0, 0, 0, 16, 6, 43
"c:\Users\avazs.LAPTOP-I4FB2CH8\StudioProjects\delivery_food_app_from_behance1\backend\app\Providers\RouteServiceProvider.php", "PHP", 0, 0, 0, 0, 0, 0, 0, 0, 28, 0, 0, 0, 0, 0, 17, 8, 53
"c:\Users\avazs.LAPTOP-I4FB2CH8\StudioProjects\delivery_food_app_from_behance1\backend\bootstrap\app.php", "PHP", 0, 0, 0, 0, 0, 0, 0, 0, 17, 0, 0, 0, 0, 0, 30, 9, 56
"c:\Users\avazs.LAPTOP-I4FB2CH8\StudioProjects\delivery_food_app_from_behance1\backend\composer.json", "JSON", 0, 65, 0, 0, 0, 0, 0, 0, 0, 0, 0, 0, 0, 0, 0, 1, 66
"c:\Users\avazs.LAPTOP-I4FB2CH8\StudioProjects\delivery_food_app_from_behance1\backend\composer.lock", "JSON", 0, 7931, 0, 0, 0, 0, 0, 0, 0, 0, 0, 0, 0, 0, 0, 1, 7932
"c:\Users\avazs.LAPTOP-I4FB2CH8\StudioProjects\delivery_food_app_from_behance1\backend\config\app.php", "PHP", 0, 0, 0, 0, 0, 0, 0, 0, 48, 0, 0, 0, 0, 0, 134, 34, 216
"c:\Users\avazs.LAPTOP-I4FB2CH8\StudioProjects\delivery_food_app_from_behance1\backend\config\auth.php", "PHP", 0, 0, 0, 0, 0, 0, 0, 0, 28, 0, 0, 0, 0, 0, 70, 14, 112
"c:\Users\avazs.LAPTOP-I4FB2CH8\StudioProjects\delivery_food_app_from_behance1\backend\config\broadcasting.php", "PHP", 0, 0, 0, 0, 0, 0, 0, 0, 35, 0, 0, 0, 0, 0, 23, 13, 71
"c:\Users\avazs.LAPTOP-I4FB2CH8\StudioProjects\delivery_food_app_from_behance1\backend\config\cache.php", "PHP", 0, 0, 0, 0, 0, 0, 0, 0, 58, 0, 0, 0, 0, 0, 34, 19, 111
"c:\Users\avazs.LAPTOP-I4FB2CH8\StudioProjects\delivery_food_app_from_behance1\backend\config\cors.php", "PHP", 0, 0, 0, 0, 0, 0, 0, 0, 3, 0, 0, 0, 0, 0, 29, 3, 35
"c:\Users\avazs.LAPTOP-I4FB2CH8\StudioProjects\delivery_food_app_from_behance1\backend\config\database.php", "PHP", 0, 0, 0, 0, 0, 0, 0, 0, 83, 0, 0, 0, 0, 0, 47, 22, 152
"c:\Users\avazs.LAPTOP-I4FB2CH8\StudioProjects\delivery_food_app_from_behance1\backend\config\filesystems.php", "PHP", 0, 0, 0, 0, 0, 0, 0, 0, 32, 0, 0, 0, 0, 0, 32, 13, 77
"c:\Users\avazs.LAPTOP-I4FB2CH8\StudioProjects\delivery_food_app_from_behance1\backend\config\hashing.php", "PHP", 0, 0, 0, 0, 0, 0, 0, 0, 12, 0, 0, 0, 0, 0, 32, 9, 53
"c:\Users\avazs.LAPTOP-I4FB2CH8\StudioProjects\delivery_food_app_from_behance1\backend\config\logging.php", "PHP", 0, 0, 0, 0, 0, 0, 0, 0, 70, 0, 0, 0, 0, 0, 34, 19, 123
"c:\Users\avazs.LAPTOP-I4FB2CH8\StudioProjects\delivery_food_app_from_behance1\backend\config\mail.php", "PHP", 0, 0, 0, 0, 0, 0, 0, 0, 53, 0, 0, 0, 0, 0, 47, 19, 119
"c:\Users\avazs.LAPTOP-I4FB2CH8\StudioProjects\delivery_food_app_from_behance1\backend\config\queue.php", "PHP", 0, 0, 0, 0, 0, 0, 0, 0, 47, 0, 0, 0, 0, 0, 32, 15, 94
"c:\Users\avazs.LAPTOP-I4FB2CH8\StudioProjects\delivery_food_app_from_behance1\backend\config\sanctum.php", "PHP", 0, 0, 0, 0, 0, 0, 0, 0, 15, 0, 0, 0, 0, 0, 41, 12, 68
"c:\Users\avazs.LAPTOP-I4FB2CH8\StudioProjects\delivery_food_app_from_behance1\backend\config\services.php", "PHP", 0, 0, 0, 0, 0, 0, 0, 0, 17, 0, 0, 0, 0, 0, 11, 7, 35
"c:\Users\avazs.LAPTOP-I4FB2CH8\StudioProjects\delivery_food_app_from_behance1\backend\config\session.php", "PHP", 0, 0, 0, 0, 0, 0, 0, 0, 22, 0, 0, 0, 0, 0, 147, 33, 202
"c:\Users\avazs.LAPTOP-I4FB2CH8\StudioProjects\delivery_food_app_from_behance1\backend\config\view.php", "PHP", 0, 0, 0, 0, 0, 0, 0, 0, 10, 0, 0, 0, 0, 0, 20, 7, 37
"c:\Users\avazs.LAPTOP-I4FB2CH8\StudioProjects\delivery_food_app_from_behance1\backend\database\factories\UserFactory.php", "PHP", 0, 0, 0, 0, 0, 0, 0, 0, 25, 0, 0, 0, 0, 0, 13, 5, 43
"c:\Users\avazs.LAPTOP-I4FB2CH8\StudioProjects\delivery_food_app_from_behance1\backend\database\migrations\2014_10_12_000000_create_users_table.php", "PHP", 0, 0, 0, 0, 0, 0, 0, 0, 24, 0, 0, 0, 0, 0, 10, 4, 38
"c:\Users\avazs.LAPTOP-I4FB2CH8\StudioProjects\delivery_food_app_from_behance1\backend\database\migrations\2014_10_12_100000_create_password_resets_table.php", "PHP", 0, 0, 0, 0, 0, 0, 0, 0, 19, 0, 0, 0, 0, 0, 10, 4, 33
"c:\Users\avazs.LAPTOP-I4FB2CH8\StudioProjects\delivery_food_app_from_behance1\backend\database\migrations\2019_08_19_000000_create_failed_jobs_table.php", "PHP", 0, 0, 0, 0, 0, 0, 0, 0, 23, 0, 0, 0, 0, 0, 10, 4, 37
"c:\Users\avazs.LAPTOP-I4FB2CH8\StudioProjects\delivery_food_app_from_behance1\backend\database\migrations\2019_12_14_000001_create_personal_access_tokens_table.php", "PHP", 0, 0, 0, 0, 0, 0, 0, 0, 24, 0, 0, 0, 0, 0, 10, 4, 38
"c:\Users\avazs.LAPTOP-I4FB2CH8\StudioProjects\delivery_food_app_from_behance1\backend\database\migrations\2022_08_06_081319_create_products_table.php", "PHP", 0, 0, 0, 0, 0, 0, 0, 0, 24, 0, 0, 0, 0, 0, 10, 4, 38
"c:\Users\avazs.LAPTOP-I4FB2CH8\StudioProjects\delivery_food_app_from_behance1\backend\database\migrations\2022_08_07_135918_create_orders_table.php", "PHP", 0, 0, 0, 0, 0, 0, 0, 0, 22, 0, 0, 0, 0, 0, 10, 4, 36
"c:\Users\avazs.LAPTOP-I4FB2CH8\StudioProjects\delivery_food_app_from_behance1\backend\database\seeders\DatabaseSeeder.php", "PHP", 0, 0, 0, 0, 0, 0, 0, 0, 9, 0, 0, 0, 0, 0, 11, 5, 25
"c:\Users\avazs.LAPTOP-I4FB2CH8\StudioProjects\delivery_food_app_from_behance1\backend\lang\en\auth.php", "PHP", 0, 0, 0, 0, 0, 0, 0, 0, 6, 0, 0, 0, 0, 0, 10, 5, 21
"c:\Users\avazs.LAPTOP-I4FB2CH8\StudioProjects\delivery_food_app_from_behance1\backend\lang\en\pagination.php", "PHP", 0, 0, 0, 0, 0, 0, 0, 0, 5, 0, 0, 0, 0, 0, 10, 5, 20
"c:\Users\avazs.LAPTOP-I4FB2CH8\StudioProjects\delivery_food_app_from_behance1\backend\lang\en\passwords.php", "PHP", 0, 0, 0, 0, 0, 0, 0, 0, 8, 0, 0, 0, 0, 0, 10, 5, 23
"c:\Users\avazs.LAPTOP-I4FB2CH8\StudioProjects\delivery_food_app_from_behance1\backend\lang\en\validation.php", "PHP", 0, 0, 0, 0, 0, 0, 0, 0, 132, 0, 0, 0, 0, 0, 30, 9, 171
"c:\Users\avazs.LAPTOP-I4FB2CH8\StudioProjects\delivery_food_app_from_behance1\backend\package.json", "JSON", 0, 14, 0, 0, 0, 0, 0, 0, 0, 0, 0, 0, 0, 0, 0, 1, 15
"c:\Users\avazs.LAPTOP-I4FB2CH8\StudioProjects\delivery_food_app_from_behance1\backend\phpunit.xml", "XML", 0, 0, 0, 0, 0, 0, 29, 0, 0, 0, 0, 0, 0, 0, 2, 1, 32
"c:\Users\avazs.LAPTOP-I4FB2CH8\StudioProjects\delivery_food_app_from_behance1\backend\public\index.php", "PHP", 0, 0, 0, 0, 0, 0, 0, 0, 14, 0, 0, 0, 0, 0, 30, 12, 56
"c:\Users\avazs.LAPTOP-I4FB2CH8\StudioProjects\delivery_food_app_from_behance1\backend\resources\css\app.css", "CSS", 0, 0, 0, 0, 0, 0, 0, 0, 0, 0, 0, 0, 0, 0, 0, 1, 1
"c:\Users\avazs.LAPTOP-I4FB2CH8\StudioProjects\delivery_food_app_from_behance1\backend\resources\js\app.js", "JavaScript", 0, 0, 0, 0, 0, 0, 0, 0, 0, 1, 0, 0, 0, 0, 0, 1, 2
"c:\Users\avazs.LAPTOP-I4FB2CH8\StudioProjects\delivery_food_app_from_behance1\backend\resources\js\bootstrap.js", "JavaScript", 0, 0, 0, 0, 0, 0, 0, 0, 0, 5, 0, 0, 0, 0, 22, 8, 35
"c:\Users\avazs.LAPTOP-I4FB2CH8\StudioProjects\delivery_food_app_from_behance1\backend\resources\views\welcome.blade.php", "PHP", 0, 0, 0, 0, 0, 0, 0, 0, 113, 0, 0, 0, 0, 0, 0, 20, 133
"c:\Users\avazs.LAPTOP-I4FB2CH8\StudioProjects\delivery_food_app_from_behance1\backend\routes\api.php", "PHP", 0, 0, 0, 0, 0, 0, 0, 0, 18, 0, 0, 0, 0, 0, 10, 5, 33
"c:\Users\avazs.LAPTOP-I4FB2CH8\StudioProjects\delivery_food_app_from_behance1\backend\routes\channels.php", "PHP", 0, 0, 0, 0, 0, 0, 0, 0, 5, 0, 0, 0, 0, 0, 10, 4, 19
"c:\Users\avazs.LAPTOP-I4FB2CH8\StudioProjects\delivery_food_app_from_behance1\backend\routes\console.php", "PHP", 0, 0, 0, 0, 0, 0, 0, 0, 6, 0, 0, 0, 0, 0, 10, 4, 20
"c:\Users\avazs.LAPTOP-I4FB2CH8\StudioProjects\delivery_food_app_from_behance1\backend\routes\web.php", "PHP", 0, 0, 0, 0, 0, 0, 0, 0, 5, 0, 0, 0, 0, 0, 10, 4, 19
"c:\Users\avazs.LAPTOP-I4FB2CH8\StudioProjects\delivery_food_app_from_behance1\backend\tests\CreatesApplication.php", "PHP", 0, 0, 0, 0, 0, 0, 0, 0, 12, 0, 0, 0, 0, 0, 5, 6, 23
"c:\Users\avazs.LAPTOP-I4FB2CH8\StudioProjects\delivery_food_app_from_behance1\backend\tests\Feature\ExampleTest.php", "PHP", 0, 0, 0, 0, 0, 0, 0, 0, 11, 0, 0, 0, 0, 0, 6, 5, 22
"c:\Users\avazs.LAPTOP-I4FB2CH8\StudioProjects\delivery_food_app_from_behance1\backend\tests\TestCase.php", "PHP", 0, 0, 0, 0, 0, 0, 0, 0, 7, 0, 0, 0, 0, 0, 0, 4, 11
"c:\Users\avazs.LAPTOP-I4FB2CH8\StudioProjects\delivery_food_app_from_behance1\backend\tests\Unit\ExampleTest.php", "PHP", 0, 0, 0, 0, 0, 0, 0, 0, 10, 0, 0, 0, 0, 0, 5, 4, 19
"c:\Users\avazs.LAPTOP-I4FB2CH8\StudioProjects\delivery_food_app_from_behance1\backend\vendor\spatie\ignition\resources\compiled\ignition.css", "CSS", 0, 0, 0, 0, 0, 0, 0, 0, 0, 0, 1, 0, 0, 0, 2, 0, 3
"c:\Users\avazs.LAPTOP-I4FB2CH8\StudioProjects\delivery_food_app_from_behance1\backend\vendor\spatie\ignition\resources\compiled\ignition.js", "JavaScript", 0, 0, 0, 0, 0, 0, 0, 0, 0, 6, 0, 0, 0, 0, 0, 1, 7
"c:\Users\avazs.LAPTOP-I4FB2CH8\StudioProjects\delivery_food_app_from_behance1\backend\vite.config.js", "JavaScript", 0, 0, 0, 0, 0, 0, 0, 0, 0, 10, 0, 0, 0, 0, 0, 2, 12
"c:\Users\avazs.LAPTOP-I4FB2CH8\StudioProjects\delivery_food_app_from_behance1\ios\Runner\AppDelegate.swift", "Swift", 0, 0, 0, 0, 0, 15, 0, 0, 0, 0, 0, 0, 0, 0, 0, 2, 17
"c:\Users\avazs.LAPTOP-I4FB2CH8\StudioProjects\delivery_food_app_from_behance1\ios\Runner\Assets.xcassets\AppIcon.appiconset\Contents.json", "JSON", 0, 122, 0, 0, 0, 0, 0, 0, 0, 0, 0, 0, 0, 0, 0, 1, 123
"c:\Users\avazs.LAPTOP-I4FB2CH8\StudioProjects\delivery_food_app_from_behance1\ios\Runner\Assets.xcassets\LaunchImage.imageset\Contents.json", "JSON", 0, 23, 0, 0, 0, 0, 0, 0, 0, 0, 0, 0, 0, 0, 0, 1, 24
"c:\Users\avazs.LAPTOP-I4FB2CH8\StudioProjects\delivery_food_app_from_behance1\ios\Runner\Assets.xcassets\LaunchImage.imageset\README.md", "Markdown", 0, 0, 3, 0, 0, 0, 0, 0, 0, 0, 0, 0, 0, 0, 0, 2, 5
"c:\Users\avazs.LAPTOP-I4FB2CH8\StudioProjects\delivery_food_app_from_behance1\ios\Runner\Base.lproj\LaunchScreen.storyboard", "XML", 0, 0, 0, 0, 0, 0, 36, 0, 0, 0, 0, 0, 0, 0, 1, 1, 38
"c:\Users\avazs.LAPTOP-I4FB2CH8\StudioProjects\delivery_food_app_from_behance1\ios\Runner\Base.lproj\Main.storyboard", "XML", 0, 0, 0, 0, 0, 0, 25, 0, 0, 0, 0, 0, 0, 0, 1, 1, 27
"c:\Users\avazs.LAPTOP-I4FB2CH8\StudioProjects\delivery_food_app_from_behance1\ios\Runner\Runner-Bridging-Header.h", "C++", 1, 0, 0, 0, 0, 0, 0, 0, 0, 0, 0, 0, 0, 0, 0, 1, 2
"c:\Users\avazs.LAPTOP-I4FB2CH8\StudioProjects\delivery_food_app_from_behance1\lib\api\api_connections.dart", "Dart", 0, 0, 0, 4, 0, 0, 0, 0, 0, 0, 0, 0, 0, 0, 5, 1, 10
"c:\Users\avazs.LAPTOP-I4FB2CH8\StudioProjects\delivery_food_app_from_behance1\lib\api\order_api\order_abs.dart", "Dart", 0, 0, 0, 6, 0, 0, 0, 0, 0, 0, 0, 0, 0, 0, 0, 2, 8
"c:\Users\avazs.LAPTOP-I4FB2CH8\StudioProjects\delivery_food_app_from_behance1\lib\api\order_api\order_api.dart", "Dart", 0, 0, 0, 63, 0, 0, 0, 0, 0, 0, 0, 0, 0, 0, 1, 6, 70
"c:\Users\avazs.LAPTOP-I4FB2CH8\StudioProjects\delivery_food_app_from_behance1\lib\log_and_reg\login_page.dart", "Dart", 0, 0, 0, 288, 0, 0, 0, 0, 0, 0, 0, 0, 0, 0, 1, 8, 297
"c:\Users\avazs.LAPTOP-I4FB2CH8\StudioProjects\delivery_food_app_from_behance1\lib\log_and_reg\register_page.dart", "Dart", 0, 0, 0, 392, 0, 0, 0, 0, 0, 0, 0, 0, 0, 0, 44, 11, 447
"c:\Users\avazs.LAPTOP-I4FB2CH8\StudioProjects\delivery_food_app_from_behance1\lib\main.dart", "Dart", 0, 0, 0, 37, 0, 0, 0, 0, 0, 0, 0, 0, 0, 0, 0, 3, 40
"c:\Users\avazs.LAPTOP-I4FB2CH8\StudioProjects\delivery_food_app_from_behance1\lib\models\address.dart", "Dart", 0, 0, 0, 27, 0, 0, 0, 0, 0, 0, 0, 0, 0, 0, 0, 2, 29
"c:\Users\avazs.LAPTOP-I4FB2CH8\StudioProjects\delivery_food_app_from_behance1\lib\models\category.dart", "Dart", 0, 0, 0, 47, 0, 0, 0, 0, 0, 0, 0, 0, 0, 0, 0, 2, 49
"c:\Users\avazs.LAPTOP-I4FB2CH8\StudioProjects\delivery_food_app_from_behance1\lib\models\order.dart", "Dart", 0, 0, 0, 40, 0, 0, 0, 0, 0, 0, 0, 0, 0, 0, 0, 6, 46
"c:\Users\avazs.LAPTOP-I4FB2CH8\StudioProjects\delivery_food_app_from_behance1\lib\models\product.dart", "Dart", 0, 0, 0, 40, 0, 0, 0, 0, 0, 0, 0, 0, 0, 0, 0, 5, 45
"c:\Users\avazs.LAPTOP-I4FB2CH8\StudioProjects\delivery_food_app_from_behance1\lib\models\user.dart", "Dart", 0, 0, 0, 24, 0, 0, 0, 0, 0, 0, 0, 0, 0, 0, 0, 4, 28
"c:\Users\avazs.LAPTOP-I4FB2CH8\StudioProjects\delivery_food_app_from_behance1\lib\pages\all_orders.dart", "Dart", 0, 0, 0, 125, 0, 0, 0, 0, 0, 0, 0, 0, 0, 0, 0, 7, 132
"c:\Users\avazs.LAPTOP-I4FB2CH8\StudioProjects\delivery_food_app_from_behance1\lib\pages\cart_page.dart", "Dart", 0, 0, 0, 453, 0, 0, 0, 0, 0, 0, 0, 0, 0, 0, 1, 6, 460
"c:\Users\avazs.LAPTOP-I4FB2CH8\StudioProjects\delivery_food_app_from_behance1\lib\pages\category_page.dart", "Dart", 0, 0, 0, 478, 0, 0, 0, 0, 0, 0, 0, 0, 0, 0, 1, 10, 489
"c:\Users\avazs.LAPTOP-I4FB2CH8\StudioProjects\delivery_food_app_from_behance1\lib\pages\map.dart", "Dart", 0, 0, 0, 153, 0, 0, 0, 0, 0, 0, 0, 0, 0, 0, 3, 15, 171
"c:\Users\avazs.LAPTOP-I4FB2CH8\StudioProjects\delivery_food_app_from_behance1\lib\pages\menu_page.dart", "Dart", 0, 0, 0, 402, 0, 0, 0, 0, 0, 0, 0, 0, 0, 0, 1, 7, 410
"c:\Users\avazs.LAPTOP-I4FB2CH8\StudioProjects\delivery_food_app_from_behance1\lib\pages\product_about_page.dart", "Dart", 0, 0, 0, 471, 0, 0, 0, 0, 0, 0, 0, 0, 0, 0, 0, 9, 480
"c:\Users\avazs.LAPTOP-I4FB2CH8\StudioProjects\delivery_food_app_from_behance1\lib\state_menagement_provider\cart_provider.dart", "Dart", 0, 0, 0, 92, 0, 0, 0, 0, 0, 0, 0, 0, 0, 0, 0, 13, 105
"c:\Users\avazs.LAPTOP-I4FB2CH8\StudioProjects\delivery_food_app_from_behance1\lib\state_menagement_provider\side_bar_page.dart", "Dart", 0, 0, 0, 8, 0, 0, 0, 0, 0, 0, 0, 0, 0, 0, 0, 2, 10
"c:\Users\avazs.LAPTOP-I4FB2CH8\StudioProjects\delivery_food_app_from_behance1\lib\utils\dimension.dart", "Dart", 0, 0, 0, 31, 0, 0, 0, 0, 0, 0, 0, 0, 0, 0, 0, 5, 36
"c:\Users\avazs.LAPTOP-I4FB2CH8\StudioProjects\delivery_food_app_from_behance1\lib\utils\shared_prefer.dart", "Dart", 0, 0, 0, 41, 0, 0, 0, 0, 0, 0, 0, 0, 0, 0, 4, 13, 58
"c:\Users\avazs.LAPTOP-I4FB2CH8\StudioProjects\delivery_food_app_from_behance1\lib\widgets\loading_screen.dart", "Dart", 0, 0, 0, 115, 0, 0, 0, 0, 0, 0, 0, 0, 0, 0, 1, 8, 124
"c:\Users\avazs.LAPTOP-I4FB2CH8\StudioProjects\delivery_food_app_from_behance1\lib\widgets\main_page_widget.dart", "Dart", 0, 0, 0, 508, 0, 0, 0, 0, 0, 0, 0, 0, 0, 0, 1, 8, 517
"c:\Users\avazs.LAPTOP-I4FB2CH8\StudioProjects\delivery_food_app_from_behance1\lib\widgets\side_bar.dart", "Dart", 0, 0, 0, 136, 0, 0, 0, 0, 0, 0, 0, 0, 0, 0, 0, 5, 141
"c:\Users\avazs.LAPTOP-I4FB2CH8\StudioProjects\delivery_food_app_from_behance1\linux\flutter\generated_plugin_registrant.cc", "C++", 3, 0, 0, 0, 0, 0, 0, 0, 0, 0, 0, 0, 0, 0, 4, 5, 12
"c:\Users\avazs.LAPTOP-I4FB2CH8\StudioProjects\delivery_food_app_from_behance1\linux\flutter\generated_plugin_registrant.h", "C++", 5, 0, 0, 0, 0, 0, 0, 0, 0, 0, 0, 0, 0, 0, 5, 6, 16
"c:\Users\avazs.LAPTOP-I4FB2CH8\StudioProjects\delivery_food_app_from_behance1\linux\main.cc", "C++", 5, 0, 0, 0, 0, 0, 0, 0, 0, 0, 0, 0, 0, 0, 0, 2, 7
"c:\Users\avazs.LAPTOP-I4FB2CH8\StudioProjects\delivery_food_app_from_behance1\linux\my_application.cc", "C++", 74, 0, 0, 0, 0, 0, 0, 0, 0, 0, 0, 0, 0, 0, 11, 20, 105
"c:\Users\avazs.LAPTOP-I4FB2CH8\StudioProjects\delivery_food_app_from_behance1\linux\my_application.h", "C++", 7, 0, 0, 0, 0, 0, 0, 0, 0, 0, 0, 0, 0, 0, 7, 5, 19
"c:\Users\avazs.LAPTOP-I4FB2CH8\StudioProjects\delivery_food_app_from_behance1\macos\Flutter\GeneratedPluginRegistrant.swift", "Swift", 0, 0, 0, 0, 0, 6, 0, 0, 0, 0, 0, 0, 0, 0, 3, 4, 13
"c:\Users\avazs.LAPTOP-I4FB2CH8\StudioProjects\delivery_food_app_from_behance1\macos\Runner\AppDelegate.swift", "Swift", 0, 0, 0, 0, 0, 8, 0, 0, 0, 0, 0, 0, 0, 0, 0, 2, 10
"c:\Users\avazs.LAPTOP-I4FB2CH8\StudioProjects\delivery_food_app_from_behance1\macos\Runner\Assets.xcassets\AppIcon.appiconset\Contents.json", "JSON", 0, 68, 0, 0, 0, 0, 0, 0, 0, 0, 0, 0, 0, 0, 0, 1, 69
"c:\Users\avazs.LAPTOP-I4FB2CH8\StudioProjects\delivery_food_app_from_behance1\macos\Runner\Base.lproj\MainMenu.xib", "XML", 0, 0, 0, 0, 0, 0, 343, 0, 0, 0, 0, 0, 0, 0, 0, 1, 344
"c:\Users\avazs.LAPTOP-I4FB2CH8\StudioProjects\delivery_food_app_from_behance1\macos\Runner\MainFlutterWindow.swift", "Swift", 0, 0, 0, 0, 0, 12, 0, 0, 0, 0, 0, 0, 0, 0, 0, 4, 16
"c:\Users\avazs.LAPTOP-I4FB2CH8\StudioProjects\delivery_food_app_from_behance1\pubspec.yaml", "YAML", 0, 0, 0, 0, 44, 0, 0, 0, 0, 0, 0, 0, 0, 0, 55, 14, 113
"c:\Users\avazs.LAPTOP-I4FB2CH8\StudioProjects\delivery_food_app_from_behance1\test\widget_test.dart", "Dart", 0, 0, 0, 13, 0, 0, 0, 0, 0, 0, 0, 0, 0, 0, 11, 7, 31
"c:\Users\avazs.LAPTOP-I4FB2CH8\StudioProjects\delivery_food_app_from_behance1\web\index.html", "HTML", 0, 0, 0, 0, 0, 0, 0, 37, 0, 0, 0, 0, 0, 0, 16, 6, 59
"c:\Users\avazs.LAPTOP-I4FB2CH8\StudioProjects\delivery_food_app_from_behance1\web\manifest.json", "JSON", 0, 35, 0, 0, 0, 0, 0, 0, 0, 0, 0, 0, 0, 0, 0, 1, 36
"c:\Users\avazs.LAPTOP-I4FB2CH8\StudioProjects\delivery_food_app_from_behance1\windows\flutter\generated_plugin_registrant.cc", "C++", 3, 0, 0, 0, 0, 0, 0, 0, 0, 0, 0, 0, 0, 0, 4, 5, 12
"c:\Users\avazs.LAPTOP-I4FB2CH8\StudioProjects\delivery_food_app_from_behance1\windows\flutter\generated_plugin_registrant.h", "C++", 5, 0, 0, 0, 0, 0, 0, 0, 0, 0, 0, 0, 0, 0, 5, 6, 16
"c:\Users\avazs.LAPTOP-I4FB2CH8\StudioProjects\delivery_food_app_from_behance1\windows\runner\flutter_window.cpp", "C++", 45, 0, 0, 0, 0, 0, 0, 0, 0, 0, 0, 0, 0, 0, 4, 13, 62
"c:\Users\avazs.LAPTOP-I4FB2CH8\StudioProjects\delivery_food_app_from_behance1\windows\runner\flutter_window.h", "C++", 20, 0, 0, 0, 0, 0, 0, 0, 0, 0, 0, 0, 0, 0, 5, 9, 34
"c:\Users\avazs.LAPTOP-I4FB2CH8\StudioProjects\delivery_food_app_from_behance1\windows\runner\main.cpp", "C++", 30, 0, 0, 0, 0, 0, 0, 0, 0, 0, 0, 0, 0, 0, 4, 10, 44
"c:\Users\avazs.LAPTOP-I4FB2CH8\StudioProjects\delivery_food_app_from_behance1\windows\runner\resource.h", "C++", 9, 0, 0, 0, 0, 0, 0, 0, 0, 0, 0, 0, 0, 0, 6, 2, 17
"c:\Users\avazs.LAPTOP-I4FB2CH8\StudioProjects\delivery_food_app_from_behance1\windows\runner\utils.cpp", "C++", 53, 0, 0, 0, 0, 0, 0, 0, 0, 0, 0, 0, 0, 0, 2, 10, 65
"c:\Users\avazs.LAPTOP-I4FB2CH8\StudioProjects\delivery_food_app_from_behance1\windows\runner\utils.h", "C++", 8, 0, 0, 0, 0, 0, 0, 0, 0, 0, 0, 0, 0, 0, 6, 6, 20
"c:\Users\avazs.LAPTOP-I4FB2CH8\StudioProjects\delivery_food_app_from_behance1\windows\runner\win32_window.cpp", "C++", 183, 0, 0, 0, 0, 0, 0, 0, 0, 0, 0, 0, 0, 0, 15, 48, 246
"c:\Users\avazs.LAPTOP-I4FB2CH8\StudioProjects\delivery_food_app_from_behance1\windows\runner\win32_window.h", "C++", 48, 0, 0, 0, 0, 0, 0, 0, 0, 0, 0, 0, 0, 0, 29, 22, 99
"Total", "-", 499, 8258, 49, 3994, 47, 41, 497, 37, 1558, 22, 1, 8, 90, 13, 1541, 954, 17609